[{"name": "ABC News (Online)", "allsides_page": "https://www.allsides.com/news-source/abc-news-media-bias", "bias": "left-center", "agree": 21052, "disagree": 12527, "total_votes": 33579, "agree_ratio": 1.680530055081025, "agreeance_text": "Agrees"}, {"name": "Above The Law", "allsides_page": "https://www.allsides.com/news-source/above-law-media-bias", "bias": "left-center", "agree": 80, "disagree": 28, "total_votes": 108, "agree_ratio": 2.857142857142857, "agreeance_text": "Strongly Agrees"}, {"name": "Abridge News", "allsides_page": "https://www.allsides.com/news-source/abridge-news-media-bias", "bias": "allsides", "agree": 223, "disagree": 141, "total_votes": 364, "agree_ratio": 1.5815602836879432, "agreeance_text": "Agrees"}, {"name": "AJ+", "allsides_page": "https://www.allsides.com/news-source/aj-media-bias", "bias": "left", "agree": 263, "disagree": 106, "total_votes": 369, "agree_ratio": 2.481132075471698, "agreeance_text": "Strongly Agrees"}, {"name": "Al Jazeera", "allsides_page": "https://www.allsides.com/news-source/al-jazeera-media-bias", "bias": "left-center", "agree": 4217, "disagree": 6679, "total_votes": 10896, "agree_ratio": 0.6313819434047013, "agreeance_text": "Disagrees"}, {"name": "AllSides", "allsides_page": "https://www.allsides.com/news-source/allsides", "bias": "allsides", "agree": 3686, "disagree": 1485, "total_votes": 5171, "agree_ratio": 2.482154882154882, "agreeance_text": "Strongly Agrees"}, {"name": "AllSides Community", "allsides_page": "https://www.allsides.com/news-source/allsides-community", "bias": "allsides", "agree": 2368, "disagree": 1406, "total_votes": 3774, "agree_ratio": 1.6842105263157894, "agreeance_text": "Agrees"}, {"name": "AlterNet", "allsides_page": "https://www.allsides.com/news-source/alternet-media-bias", "bias": "left", "agree": 6834, "disagree": 1431, "total_votes": 8265, "agree_ratio": 4.7756813417190775, "agreeance_text": "Absolutely Agrees"}, {"name": "American Greatness", "allsides_page": "https://www.allsides.com/news-source/american-greatness-media-bias", "bias": "right", "agree": 247, "disagree": 96, "total_votes": 343, "agree_ratio": 2.5729166666666665, "agreeance_text": "Strongly Agrees"}, {"name": "American Thinker", "allsides_page": "https://www.allsides.com/news-source/american-thinker", "bias": "right", "agree": 1610, "disagree": 899, "total_votes": 2509, "agree_ratio": 1.7908787541713014, "agreeance_text": "Agrees"}, {"name": "AP Fact Check", "allsides_page": "https://www.allsides.com/news-source/ap-fact-check-media-bias", "bias": "left-center", "agree": 92, "disagree": 136, "total_votes": 228, "agree_ratio": 0.6764705882352942, "agreeance_text": "Somewhat Disagrees"}, {"name": "Aquinas College Saint", "allsides_page": "https://www.allsides.com/news-source/aquinas-college-saint", "bias": "left", "agree": 895, "disagree": 573, "total_votes": 1468, "agree_ratio": 1.5619546247818499, "agreeance_text": "Agrees"}, {"name": "Arkansas Democrat-Gazette", "allsides_page": "https://www.allsides.com/news-source/arkansas-democrat-gazette", "bias": "left", "agree": 948, "disagree": 721, "total_votes": 1669, "agree_ratio": 1.3148404993065188, "agreeance_text": "Somewhat Agrees"}, {"name": "Associated Press", "allsides_page": "https://www.allsides.com/news-source/associated-press-media-bias", "bias": "center", "agree": 13940, "disagree": 10073, "total_votes": 24013, "agree_ratio": 1.3838975479003277, "agreeance_text": "Somewhat Agrees"}, {"name": "Atlanta Black Star", "allsides_page": "https://www.allsides.com/news-source/atlanta-black-star-media-bias", "bias": "left-center", "agree": 2, "disagree": 1, "total_votes": 3, "agree_ratio": 2.0, "agreeance_text": "Agrees"}, {"name": "Atlanta Journal-Constitution", "allsides_page": "https://www.allsides.com/news-source/atlanta-journal-constitution", "bias": "left-center", "agree": 921, "disagree": 832, "total_votes": 1753, "agree_ratio": 1.1069711538461537, "agreeance_text": "Somewhat Agrees"}, {"name": "Austin American-Statesman", "allsides_page": "https://www.allsides.com/news-source/austin-american-statesman", "bias": "left-center", "agree": 788, "disagree": 625, "total_votes": 1413, "agree_ratio": 1.2608, "agreeance_text": "Somewhat Agrees"}, {"name": "Axios", "allsides_page": "https://www.allsides.com/news-source/axios", "bias": "center", "agree": 1875, "disagree": 2187, "total_votes": 4062, "agree_ratio": 0.8573388203017832, "agreeance_text": "Somewhat Disagrees"}, {"name": "AZ Central", "allsides_page": "https://www.allsides.com/news-source/az-central-media-bias", "bias": "center", "agree": 120, "disagree": 177, "total_votes": 297, "agree_ratio": 0.6779661016949152, "agreeance_text": "Somewhat Disagrees"}, {"name": "Babylon Bee (Humor)", "allsides_page": "https://www.allsides.com/news-source/babylon-bee-media-bias", "bias": "right-center", "agree": 96, "disagree": 28, "total_votes": 124, "agree_ratio": 3.4285714285714284, "agreeance_text": "Absolutely Agrees"}, {"name": "Barnstable Patriot", "allsides_page": "https://www.allsides.com/news-source/barnstable-patriot", "bias": "center", "agree": 525, "disagree": 609, "total_votes": 1134, "agree_ratio": 0.8620689655172413, "agreeance_text": "Somewhat Disagrees"}, {"name": "BBC News", "allsides_page": "https://www.allsides.com/news-source/bbc-news-media-bias", "bias": "center", "agree": 17356, "disagree": 16051, "total_votes": 33407, "agree_ratio": 1.0813033455859449, "agreeance_text": "Somewhat Agrees"}, {"name": "Bearing Drift", "allsides_page": "https://www.allsides.com/news-source/bearing-drift", "bias": "right", "agree": 629, "disagree": 547, "total_votes": 1176, "agree_ratio": 1.1499085923217551, "agreeance_text": "Somewhat Agrees"}, {"name": "BET", "allsides_page": "https://www.allsides.com/news-source/bet-media-bias", "bias": "left-center", "agree": 131, "disagree": 163, "total_votes": 294, "agree_ratio": 0.803680981595092, "agreeance_text": "Somewhat Disagrees"}, {"name": "Black Enterprise", "allsides_page": "https://www.allsides.com/news-source/black-enterprise-media-bias", "bias": "left-center", "agree": 3, "disagree": 4, "total_votes": 7, "agree_ratio": 0.75, "agreeance_text": "Somewhat Disagrees"}, {"name": "Bloomberg", "allsides_page": "https://www.allsides.com/news-source/bloomberg-media-bias", "bias": "center", "agree": 9542, "disagree": 14461, "total_votes": 24003, "agree_ratio": 0.6598437175852292, "agreeance_text": "Disagrees"}, {"name": "Blue Virginia", "allsides_page": "https://www.allsides.com/news-source/blue-virginia", "bias": "left", "agree": 748, "disagree": 546, "total_votes": 1294, "agree_ratio": 1.36996336996337, "agreeance_text": "Somewhat Agrees"}, {"name": "Boing Boing", "allsides_page": "https://www.allsides.com/news-source/boing-boing", "bias": "left", "agree": 870, "disagree": 566, "total_votes": 1436, "agree_ratio": 1.5371024734982333, "agreeance_text": "Agrees"}, {"name": "Book Club Chicago", "allsides_page": "https://www.allsides.com/news-source/book-club-chicago-media-bias", "bias": "left", "agree": 2, "disagree": 2, "total_votes": 4, "agree_ratio": 1.0, "agreeance_text": "Neutral"}, {"name": "Boston Herald", "allsides_page": "https://www.allsides.com/news-source/boston-herald-media-bias", "bias": "right-center", "agree": 422, "disagree": 359, "total_votes": 781, "agree_ratio": 1.1754874651810585, "agreeance_text": "Somewhat Agrees"}, {"name": "Boston Herald Editorial", "allsides_page": "https://www.allsides.com/news-source/boston-herald-editorial-media-bias", "bias": "right-center", "agree": 243, "disagree": 232, "total_votes": 475, "agree_ratio": 1.0474137931034482, "agreeance_text": "Somewhat Agrees"}, {"name": "Boston Review", "allsides_page": "https://www.allsides.com/news-source/boston-review-media-bias", "bias": "left-center", "agree": 14, "disagree": 16, "total_votes": 30, "agree_ratio": 0.875, "agreeance_text": "Somewhat Disagrees"}, {"name": "Bowling Green Daily News", "allsides_page": "https://www.allsides.com/news-source/bowling-green-daily-news", "bias": "left-center", "agree": 590, "disagree": 632, "total_votes": 1222, "agree_ratio": 0.9335443037974683, "agreeance_text": "Somewhat Disagrees"}, {"name": "Braver Angels", "allsides_page": "https://www.allsides.com/news-source/braver-angels-media-bias", "bias": "allsides", "agree": 86, "disagree": 68, "total_votes": 154, "agree_ratio": 1.2647058823529411, "agreeance_text": "Somewhat Agrees"}, {"name": "Breitbart News", "allsides_page": "https://www.allsides.com/news-source/breitbart", "bias": "right", "agree": 24980, "disagree": 9140, "total_votes": 34120, "agree_ratio": 2.7330415754923414, "agreeance_text": "Strongly Agrees"}, {"name": "Bridgemi.com", "allsides_page": "https://www.allsides.com/news-source/bridgemicom-media-bias", "bias": "center", "agree": 90, "disagree": 72, "total_votes": 162, "agree_ratio": 1.25, "agreeance_text": "Somewhat Agrees"}, {"name": "Brown Girl Magazine", "allsides_page": "https://www.allsides.com/news-source/brown-girl-magazine-media-bias", "bias": "left", "agree": 33, "disagree": 9, "total_votes": 42, "agree_ratio": 3.6666666666666665, "agreeance_text": "Absolutely Agrees"}, {"name": "Business Insider", "allsides_page": "https://www.allsides.com/news-source/business-insider", "bias": "center", "agree": 2478, "disagree": 3259, "total_votes": 5737, "agree_ratio": 0.7603559374041117, "agreeance_text": "Somewhat Disagrees"}, {"name": "Bustle", "allsides_page": "https://www.allsides.com/news-source/bustle", "bias": "left-center", "agree": 802, "disagree": 793, "total_votes": 1595, "agree_ratio": 1.0113493064312737, "agreeance_text": "Somewhat Agrees"}, {"name": "BuzzFeed News", "allsides_page": "https://www.allsides.com/news-source/buzzfeed-media-bias", "bias": "left", "agree": 12672, "disagree": 7652, "total_votes": 20324, "agree_ratio": 1.6560376372190277, "agreeance_text": "Agrees"}, {"name": "C-SPAN", "allsides_page": "https://www.allsides.com/news-source/c-span", "bias": "center", "agree": 3181, "disagree": 996, "total_votes": 4177, "agree_ratio": 3.1937751004016066, "agreeance_text": "Absolutely Agrees"}, {"name": "CalMatters", "allsides_page": "https://www.allsides.com/news-source/calmatters", "bias": "center", "agree": 686, "disagree": 578, "total_votes": 1264, "agree_ratio": 1.1868512110726643, "agreeance_text": "Somewhat Agrees"}, {"name": "CalWatchdog", "allsides_page": "https://www.allsides.com/news-source/calwatchdog", "bias": "center", "agree": 541, "disagree": 576, "total_votes": 1117, "agree_ratio": 0.9392361111111112, "agreeance_text": "Somewhat Disagrees"}, {"name": "Care2", "allsides_page": "https://www.allsides.com/news-source/care-2", "bias": "left", "agree": 595, "disagree": 637, "total_votes": 1232, "agree_ratio": 0.9340659340659341, "agreeance_text": "Somewhat Disagrees"}, {"name": "CBN", "allsides_page": "https://www.allsides.com/news-source/cbn", "bias": "right", "agree": 6584, "disagree": 3438, "total_votes": 10022, "agree_ratio": 1.915066899360093, "agreeance_text": "Agrees"}, {"name": "CBS News", "allsides_page": "https://www.allsides.com/news-source/cbs-news-media-bias", "bias": "left-center", "agree": 10980, "disagree": 7994, "total_votes": 18974, "agree_ratio": 1.373530147610708, "agreeance_text": "Somewhat Agrees"}, {"name": "Center - Major Media Sources", "allsides_page": "https://www.allsides.com/news-source/center-major-media-sources", "bias": "center", "agree": 649, "disagree": 567, "total_votes": 1216, "agree_ratio": 1.144620811287478, "agreeance_text": "Somewhat Agrees"}, {"name": "Center for Public Integrity", "allsides_page": "https://www.allsides.com/news-source/center-public-integrity", "bias": "left-center", "agree": 677, "disagree": 777, "total_votes": 1454, "agree_ratio": 0.8712998712998713, "agreeance_text": "Somewhat Disagrees"}, {"name": "Centre View", "allsides_page": "https://www.allsides.com/news-source/centre-view", "bias": "left-center", "agree": 568, "disagree": 637, "total_votes": 1205, "agree_ratio": 0.8916797488226059, "agreeance_text": "Somewhat Disagrees"}, {"name": "Check Your Fact", "allsides_page": "https://www.allsides.com/news-source/check-your-fact-media-bias", "bias": "right-center", "agree": 76, "disagree": 93, "total_votes": 169, "agree_ratio": 0.8172043010752689, "agreeance_text": "Somewhat Disagrees"}, {"name": "Chicago Crusader", "allsides_page": "https://www.allsides.com/news-source/chicago-crusader-media-bias", "bias": "left", "agree": 3, "disagree": 1, "total_votes": 3, "agree_ratio": 3.0, "agreeance_text": "Strongly Agrees"}, {"name": "Chicago Defender", "allsides_page": "https://www.allsides.com/news-source/chicago-defender-media-bias", "bias": "left", "agree": 30, "disagree": 10, "total_votes": 40, "agree_ratio": 3.0, "agreeance_text": "Strongly Agrees"}, {"name": "Chicago Sun-Times", "allsides_page": "https://www.allsides.com/news-source/chicago-sun-times", "bias": "left-center", "agree": 769, "disagree": 775, "total_votes": 1544, "agree_ratio": 0.9922580645161291, "agreeance_text": "Somewhat Disagrees"}, {"name": "Chicago Tribune", "allsides_page": "https://www.allsides.com/news-source/chicago-tribune", "bias": "center", "agree": 1931, "disagree": 3469, "total_votes": 5400, "agree_ratio": 0.5566445661573941, "agreeance_text": "Disagrees"}, {"name": "Christian Science Monitor", "allsides_page": "https://www.allsides.com/news-source/christian-science-monitor", "bias": "center", "agree": 11532, "disagree": 14659, "total_votes": 26191, "agree_ratio": 0.7866839484275872, "agreeance_text": "Somewhat Disagrees"}, {"name": "Christianity Today", "allsides_page": "https://www.allsides.com/news-source/christianity-today-media-bias", "bias": "right-center", "agree": 103, "disagree": 152, "total_votes": 255, "agree_ratio": 0.6776315789473685, "agreeance_text": "Somewhat Disagrees"}, {"name": "City Journal", "allsides_page": "https://www.allsides.com/news-source/city-journal-media-bias", "bias": "right", "agree": 362, "disagree": 301, "total_votes": 663, "agree_ratio": 1.2026578073089702, "agreeance_text": "Somewhat Agrees"}, {"name": "CNBC", "allsides_page": "https://www.allsides.com/news-source/cnbc", "bias": "center", "agree": 2075, "disagree": 4877, "total_votes": 6952, "agree_ratio": 0.42546647529218784, "agreeance_text": "Strongly Disagrees"}, {"name": "CNET", "allsides_page": "https://www.allsides.com/news-source/cnet", "bias": "center", "agree": 322, "disagree": 266, "total_votes": 588, "agree_ratio": 1.2105263157894737, "agreeance_text": "Somewhat Agrees"}, {"name": "CNN (Web News)", "allsides_page": "https://www.allsides.com/news-source/cnn-media-bias", "bias": "left-center", "agree": 34299, "disagree": 36592, "total_votes": 70891, "agree_ratio": 0.937336029733275, "agreeance_text": "Somewhat Disagrees"}, {"name": "CNN - Editorial", "allsides_page": "https://www.allsides.com/news-source/cnn-editorial", "bias": "left", "agree": 16391, "disagree": 4177, "total_votes": 20568, "agree_ratio": 3.924108211635145, "agreeance_text": "Absolutely Agrees"}, {"name": "CNSNews.com", "allsides_page": "https://www.allsides.com/news-source/cnsnewscom", "bias": "right", "agree": 877, "disagree": 729, "total_votes": 1606, "agree_ratio": 1.2030178326474623, "agreeance_text": "Somewhat Agrees"}, {"name": "Columbia Journalism Review", "allsides_page": "https://www.allsides.com/news-source/columbia-journalism-review", "bias": "center", "agree": 199, "disagree": 352, "total_votes": 551, "agree_ratio": 0.5653409090909091, "agreeance_text": "Disagrees"}, {"name": "Commentary Magazine", "allsides_page": "https://www.allsides.com/news-source/commentary-magazine-media-bias", "bias": "right", "agree": 218, "disagree": 228, "total_votes": 446, "agree_ratio": 0.956140350877193, "agreeance_text": "Somewhat Disagrees"}, {"name": "Concord Monitor", "allsides_page": "https://www.allsides.com/news-source/concord-monitor", "bias": "center", "agree": 28, "disagree": 36, "total_votes": 64, "agree_ratio": 0.7777777777777778, "agreeance_text": "Somewhat Disagrees"}, {"name": "Conservative HQ", "allsides_page": "https://www.allsides.com/news-source/conservative-hq", "bias": "right", "agree": 853, "disagree": 397, "total_votes": 1250, "agree_ratio": 2.1486146095717884, "agreeance_text": "Strongly Agrees"}, {"name": "Cook Report", "allsides_page": "https://www.allsides.com/news-source/cook-report", "bias": "center", "agree": 892, "disagree": 574, "total_votes": 1466, "agree_ratio": 1.5540069686411149, "agreeance_text": "Agrees"}, {"name": "Counter Currents", "allsides_page": "https://www.allsides.com/news-source/counter-currents", "bias": "left-center", "agree": 363, "disagree": 258, "total_votes": 621, "agree_ratio": 1.4069767441860466, "agreeance_text": "Somewhat Agrees"}, {"name": "Counterpointing", "allsides_page": "https://www.allsides.com/news-source/counterpointing", "bias": "allsides", "agree": 387, "disagree": 355, "total_votes": 742, "agree_ratio": 1.0901408450704226, "agreeance_text": "Somewhat Agrees"}, {"name": "CrowdPAC", "allsides_page": "https://www.allsides.com/news-source/crowdpac", "bias": "center", "agree": 415, "disagree": 437, "total_votes": 852, "agree_ratio": 0.9496567505720824, "agreeance_text": "Somewhat Disagrees"}, {"name": "CU Independent", "allsides_page": "https://www.allsides.com/news-source/cu-independent", "bias": "center", "agree": 365, "disagree": 435, "total_votes": 800, "agree_ratio": 0.8390804597701149, "agreeance_text": "Somewhat Disagrees"}, {"name": "Current Affairs", "allsides_page": "https://www.allsides.com/news-source/current-affairs-media-bias", "bias": "left", "agree": 363, "disagree": 160, "total_votes": 523, "agree_ratio": 2.26875, "agreeance_text": "Strongly Agrees"}, {"name": "Daily Beast", "allsides_page": "https://www.allsides.com/news-source/daily-beast-media-bias", "bias": "left", "agree": 11878, "disagree": 4948, "total_votes": 16826, "agree_ratio": 2.400565885206144, "agreeance_text": "Strongly Agrees"}, {"name": "Daily Cardinal", "allsides_page": "https://www.allsides.com/news-source/daily-cardinal", "bias": "center", "agree": 423, "disagree": 459, "total_votes": 882, "agree_ratio": 0.9215686274509803, "agreeance_text": "Somewhat Disagrees"}, {"name": "Daily Chela", "allsides_page": "https://www.allsides.com/news-source/daily-chela-media-bias", "bias": "left", "agree": 5, "disagree": 5, "total_votes": 10, "agree_ratio": 1.0, "agreeance_text": "Neutral"}, {"name": "Daily Kos", "allsides_page": "https://www.allsides.com/news-source/daily-kos", "bias": "left", "agree": 5491, "disagree": 2031, "total_votes": 7522, "agree_ratio": 2.703594288527819, "agreeance_text": "Strongly Agrees"}, {"name": "Daily Mail", "allsides_page": "https://www.allsides.com/news-source/daily-mail", "bias": "right", "agree": 5461, "disagree": 3470, "total_votes": 8931, "agree_ratio": 1.5737752161383285, "agreeance_text": "Agrees"}, {"name": "Daily Northwestern", "allsides_page": "https://www.allsides.com/news-source/daily-northwestern", "bias": "left-center", "agree": 384, "disagree": 407, "total_votes": 791, "agree_ratio": 0.9434889434889435, "agreeance_text": "Somewhat Disagrees"}, {"name": "Daily Press", "allsides_page": "https://www.allsides.com/news-source/daily-press", "bias": "right-center", "agree": 373, "disagree": 466, "total_votes": 839, "agree_ratio": 0.8004291845493562, "agreeance_text": "Somewhat Disagrees"}, {"name": "Daily Progress", "allsides_page": "https://www.allsides.com/news-source/daily-progress", "bias": "center", "agree": 425, "disagree": 430, "total_votes": 855, "agree_ratio": 0.9883720930232558, "agreeance_text": "Somewhat Disagrees"}, {"name": "Daily Targum", "allsides_page": "https://www.allsides.com/news-source/daily-targum", "bias": "left-center", "agree": 273, "disagree": 402, "total_votes": 675, "agree_ratio": 0.6791044776119403, "agreeance_text": "Somewhat Disagrees"}, {"name": "Defense One", "allsides_page": "https://www.allsides.com/news-source/defense-one-media-bias", "bias": "center", "agree": 264, "disagree": 239, "total_votes": 503, "agree_ratio": 1.104602510460251, "agreeance_text": "Somewhat Agrees"}, {"name": "Democracy Now", "allsides_page": "https://www.allsides.com/news-source/democracy-now", "bias": "left", "agree": 8291, "disagree": 2264, "total_votes": 10555, "agree_ratio": 3.662102473498233, "agreeance_text": "Absolutely Agrees"}, {"name": "Des Moines Register", "allsides_page": "https://www.allsides.com/news-source/desmoines-register", "bias": "center", "agree": 109, "disagree": 142, "total_votes": 251, "agree_ratio": 0.7676056338028169, "agreeance_text": "Somewhat Disagrees"}, {"name": "Deseret News", "allsides_page": "https://www.allsides.com/news-source/deseret-news", "bias": "right-center", "agree": 1142, "disagree": 1781, "total_votes": 2923, "agree_ratio": 0.6412128017967434, "agreeance_text": "Disagrees"}, {"name": "Detroit Free Press", "allsides_page": "https://www.allsides.com/news-source/detroit-free-press", "bias": "left-center", "agree": 177, "disagree": 222, "total_votes": 399, "agree_ratio": 0.7972972972972973, "agreeance_text": "Somewhat Disagrees"}, {"name": "Detroit News", "allsides_page": "https://www.allsides.com/news-source/detroit-news", "bias": "center", "agree": 103, "disagree": 153, "total_votes": 256, "agree_ratio": 0.673202614379085, "agreeance_text": "Somewhat Disagrees"}, {"name": "Diplomatic Courier", "allsides_page": "https://www.allsides.com/news-source/diplomatic-courier", "bias": "center", "agree": 363, "disagree": 291, "total_votes": 654, "agree_ratio": 1.2474226804123711, "agreeance_text": "Somewhat Agrees"}, {"name": "Drudge Report", "allsides_page": "https://www.allsides.com/news-source/drudge-report", "bias": "right-center", "agree": 2121, "disagree": 1534, "total_votes": 3655, "agree_ratio": 1.3826597131681877, "agreeance_text": "Somewhat Agrees"}, {"name": "Duke Chronicle", "allsides_page": "https://www.allsides.com/news-source/duke-chronicle", "bias": "center", "agree": 402, "disagree": 408, "total_votes": 810, "agree_ratio": 0.9852941176470589, "agreeance_text": "Somewhat Disagrees"}, {"name": "Erraticus", "allsides_page": "https://www.allsides.com/news-source/erraticus-media-bias", "bias": "center", "agree": 9, "disagree": 6, "total_votes": 15, "agree_ratio": 1.5, "agreeance_text": "Somewhat Agrees"}, {"name": "Esquire", "allsides_page": "https://www.allsides.com/news-source/esquire", "bias": "left", "agree": 1024, "disagree": 540, "total_votes": 1564, "agree_ratio": 1.8962962962962964, "agreeance_text": "Agrees"}, {"name": "Estes Park Trail Gazette", "allsides_page": "https://www.allsides.com/news-source/estes-park-trail-gazette", "bias": "center", "agree": 268, "disagree": 355, "total_votes": 623, "agree_ratio": 0.7549295774647887, "agreeance_text": "Somewhat Disagrees"}, {"name": "Eurek Alert", "allsides_page": "https://www.allsides.com/news-source/eurek-alert", "bias": "center", "agree": 346, "disagree": 391, "total_votes": 737, "agree_ratio": 0.8849104859335039, "agreeance_text": "Somewhat Disagrees"}, {"name": "Fact Checker Blog", "allsides_page": "https://www.allsides.com/news-source/fact-checker-blog", "bias": "center", "agree": 798, "disagree": 691, "total_votes": 1489, "agree_ratio": 1.1548480463096962, "agreeance_text": "Somewhat Agrees"}, {"name": "FactCheck.org", "allsides_page": "https://www.allsides.com/news-source/factcheckorg-media-bias", "bias": "center", "agree": 6479, "disagree": 5143, "total_votes": 11622, "agree_ratio": 1.2597705619288353, "agreeance_text": "Somewhat Agrees"}, {"name": "FAIR", "allsides_page": "https://www.allsides.com/news-source/fair-media-bias", "bias": "left-center", "agree": 531, "disagree": 530, "total_votes": 1061, "agree_ratio": 1.0018867924528303, "agreeance_text": "Somewhat Agrees"}, {"name": "Falls Church News - Press", "allsides_page": "https://www.allsides.com/news-source/falls-church-news-press", "bias": "left", "agree": 416, "disagree": 469, "total_votes": 885, "agree_ratio": 0.8869936034115139, "agreeance_text": "Somewhat Disagrees"}, {"name": "Financial Times", "allsides_page": "https://www.allsides.com/news-source/financial-times-media-bias", "bias": "center", "agree": 607, "disagree": 400, "total_votes": 1007, "agree_ratio": 1.5175, "agreeance_text": "Agrees"}, {"name": "Fiscal Times", "allsides_page": "https://www.allsides.com/news-source/fiscal-times", "bias": "right-center", "agree": 713, "disagree": 613, "total_votes": 1326, "agree_ratio": 1.163132137030995, "agreeance_text": "Somewhat Agrees"}, {"name": "FiveThirtyEight", "allsides_page": "https://www.allsides.com/news-source/fivethirtyeight-0", "bias": "center", "agree": 3724, "disagree": 2358, "total_votes": 6082, "agree_ratio": 1.5793044953350297, "agreeance_text": "Agrees"}, {"name": "Forbes", "allsides_page": "https://www.allsides.com/news-source/forbes", "bias": "center", "agree": 7487, "disagree": 4150, "total_votes": 11637, "agree_ratio": 1.8040963855421688, "agreeance_text": "Agrees"}, {"name": "Foreign Affairs", "allsides_page": "https://www.allsides.com/news-source/foreign-affairs", "bias": "center", "agree": 955, "disagree": 523, "total_votes": 1478, "agree_ratio": 1.8260038240917782, "agreeance_text": "Agrees"}, {"name": "Foreign Policy", "allsides_page": "https://www.allsides.com/news-source/foreign-policy-media-bias", "bias": "center", "agree": 141, "disagree": 139, "total_votes": 280, "agree_ratio": 1.014388489208633, "agreeance_text": "Somewhat Agrees"}, {"name": "Fox News (Online)", "allsides_page": "https://www.allsides.com/news-source/fox-news-media-bias", "bias": "right-center", "agree": 28971, "disagree": 37256, "total_votes": 66227, "agree_ratio": 0.7776197122611123, "agreeance_text": "Somewhat Disagrees"}, {"name": "Fox News Latino", "allsides_page": "https://www.allsides.com/news-source/fox-news-latino", "bias": "right", "agree": 2058, "disagree": 1036, "total_votes": 3094, "agree_ratio": 1.9864864864864864, "agreeance_text": "Agrees"}, {"name": "Fox News Opinion", "allsides_page": "https://www.allsides.com/news-source/fox-news-editorial-media-bias", "bias": "right", "agree": 13906, "disagree": 3146, "total_votes": 17052, "agree_ratio": 4.420216147488874, "agreeance_text": "Absolutely Agrees"}, {"name": "FrontPage Magazine", "allsides_page": "https://www.allsides.com/news-source/frontpage-magazine", "bias": "right", "agree": 559, "disagree": 419, "total_votes": 978, "agree_ratio": 1.334128878281623, "agreeance_text": "Somewhat Agrees"}, {"name": "Gizmodo", "allsides_page": "https://www.allsides.com/news-source/gizmodo", "bias": "left-center", "agree": 133, "disagree": 122, "total_votes": 255, "agree_ratio": 1.0901639344262295, "agreeance_text": "Somewhat Agrees"}, {"name": "GLAAD", "allsides_page": "https://www.allsides.com/news-source/glaad-media-bias", "bias": "left-center", "agree": 10, "disagree": 43, "total_votes": 53, "agree_ratio": 0.23255813953488372, "agreeance_text": "Absolutely Disagrees"}, {"name": "Google News", "allsides_page": "https://www.allsides.com/news-source/google-news-media-bias", "bias": "left-center", "agree": 475, "disagree": 352, "total_votes": 827, "agree_ratio": 1.3494318181818181, "agreeance_text": "Somewhat Agrees"}, {"name": "GQ.com", "allsides_page": "https://www.allsides.com/news-source/gqcom-media-bias", "bias": "left-center", "agree": 84, "disagree": 117, "total_votes": 201, "agree_ratio": 0.717948717948718, "agreeance_text": "Somewhat Disagrees"}, {"name": "Grist", "allsides_page": "https://www.allsides.com/news-source/grist", "bias": "left-center", "agree": 484, "disagree": 527, "total_votes": 1011, "agree_ratio": 0.9184060721062619, "agreeance_text": "Somewhat Disagrees"}, {"name": "Hampton Roads Messanger", "allsides_page": "https://www.allsides.com/news-source/hampton-roads-messanger", "bias": "center", "agree": 394, "disagree": 405, "total_votes": 799, "agree_ratio": 0.9728395061728395, "agreeance_text": "Somewhat Disagrees"}, {"name": "Harvard Business School", "allsides_page": "https://www.allsides.com/news-source/harvard-business-school", "bias": "left-center", "agree": 717, "disagree": 853, "total_votes": 1570, "agree_ratio": 0.8405627198124267, "agreeance_text": "Somewhat Disagrees"}, {"name": "Heavy.com", "allsides_page": "https://www.allsides.com/news-source/heavycom-media-bias", "bias": "center", "agree": 67, "disagree": 54, "total_votes": 121, "agree_ratio": 1.2407407407407407, "agreeance_text": "Somewhat Agrees"}, {"name": "Herald Democrat", "allsides_page": "https://www.allsides.com/news-source/herald-democrat-0", "bias": "left", "agree": 474, "disagree": 387, "total_votes": 861, "agree_ratio": 1.2248062015503876, "agreeance_text": "Somewhat Agrees"}, {"name": "Hip Latina", "allsides_page": "https://www.allsides.com/news-source/hip-latina-media-bias", "bias": "left", "agree": 0, "disagree": 1, "total_votes": 0, "agree_ratio": 0.0, "agreeance_text": "Absolutely Disagrees"}, {"name": "Honolulu Civil Beat", "allsides_page": "https://www.allsides.com/news-source/honolulu-civil-beat", "bias": "center", "agree": 349, "disagree": 480, "total_votes": 829, "agree_ratio": 0.7270833333333333, "agreeance_text": "Somewhat Disagrees"}, {"name": "HotAir", "allsides_page": "https://www.allsides.com/news-source/hotair", "bias": "right-center", "agree": 1023, "disagree": 920, "total_votes": 1943, "agree_ratio": 1.1119565217391305, "agreeance_text": "Somewhat Agrees"}, {"name": "Houston Chronicle", "allsides_page": "https://www.allsides.com/news-source/houston-chronicle-media-bias", "bias": "center", "agree": 63, "disagree": 67, "total_votes": 130, "agree_ratio": 0.9402985074626866, "agreeance_text": "Somewhat Disagrees"}, {"name": "How Do We Fix It?", "allsides_page": "https://www.allsides.com/news-source/how-do-we-fix-it", "bias": "center", "agree": 637, "disagree": 611, "total_votes": 1248, "agree_ratio": 1.0425531914893618, "agreeance_text": "Somewhat Agrees"}, {"name": "Howard Kurtz", "allsides_page": "https://www.allsides.com/news-source/howard-kurtz-media-bias", "bias": "center", "agree": 122, "disagree": 101, "total_votes": 223, "agree_ratio": 1.2079207920792079, "agreeance_text": "Somewhat Agrees"}, {"name": "HuffPost", "allsides_page": "https://www.allsides.com/news-source/huffpost-media-bias", "bias": "left", "agree": 26313, "disagree": 20830, "total_votes": 47143, "agree_ratio": 1.2632261161785885, "agreeance_text": "Somewhat Agrees"}, {"name": "Idaho Statesman", "allsides_page": "https://www.allsides.com/news-source/idaho-statesman-media-bias", "bias": "center", "agree": 72, "disagree": 80, "total_votes": 152, "agree_ratio": 0.9, "agreeance_text": "Somewhat Disagrees"}, {"name": "Inacow", "allsides_page": "https://www.allsides.com/news-source/inacow", "bias": "right", "agree": 392, "disagree": 290, "total_votes": 682, "agree_ratio": 1.3517241379310345, "agreeance_text": "Somewhat Agrees"}, {"name": "Independent Journal Review", "allsides_page": "https://www.allsides.com/news-source/independent-journal-review", "bias": "right-center", "agree": 1230, "disagree": 1135, "total_votes": 2365, "agree_ratio": 1.0837004405286343, "agreeance_text": "Somewhat Agrees"}, {"name": "Indiana Daily Student", "allsides_page": "https://www.allsides.com/news-source/indiana-daily-student", "bias": "center", "agree": 293, "disagree": 372, "total_votes": 665, "agree_ratio": 0.7876344086021505, "agreeance_text": "Somewhat Disagrees"}, {"name": "Indy Online", "allsides_page": "https://www.allsides.com/news-source/indy-online", "bias": "center", "agree": 295, "disagree": 319, "total_votes": 614, "agree_ratio": 0.9247648902821317, "agreeance_text": "Somewhat Disagrees"}, {"name": "Indy Week", "allsides_page": "https://www.allsides.com/news-source/indy-week", "bias": "left-center", "agree": 314, "disagree": 348, "total_votes": 662, "agree_ratio": 0.9022988505747126, "agreeance_text": "Somewhat Disagrees"}, {"name": "InfoWars", "allsides_page": "https://www.allsides.com/news-source/infowars", "bias": "right", "agree": 4563, "disagree": 1033, "total_votes": 5596, "agree_ratio": 4.417231364956438, "agreeance_text": "Absolutely Agrees"}, {"name": "Inside Philanthropy", "allsides_page": "https://www.allsides.com/news-source/inside-philanthropy", "bias": "center", "agree": 310, "disagree": 345, "total_votes": 655, "agree_ratio": 0.8985507246376812, "agreeance_text": "Somewhat Disagrees"}, {"name": "Intellectual Conservative", "allsides_page": "https://www.allsides.com/news-source/intellectual-conservative", "bias": "right-center", "agree": 367, "disagree": 405, "total_votes": 772, "agree_ratio": 0.9061728395061729, "agreeance_text": "Somewhat Disagrees"}, {"name": "International Business Times", "allsides_page": "https://www.allsides.com/news-source/international-business-times", "bias": "center", "agree": 1031, "disagree": 793, "total_votes": 1824, "agree_ratio": 1.300126103404792, "agreeance_text": "Somewhat Agrees"}, {"name": "Investor's Business Daily", "allsides_page": "https://www.allsides.com/news-source/investors-business-daily", "bias": "right-center", "agree": 1184, "disagree": 943, "total_votes": 2127, "agree_ratio": 1.2555673382820784, "agreeance_text": "Somewhat Agrees"}, {"name": "IVN", "allsides_page": "https://www.allsides.com/news-source/ivn", "bias": "center", "agree": 451, "disagree": 449, "total_votes": 900, "agree_ratio": 1.0044543429844097, "agreeance_text": "Somewhat Agrees"}, {"name": "Jacobin", "allsides_page": "https://www.allsides.com/news-source/jacobin-media-bias", "bias": "left", "agree": 671, "disagree": 175, "total_votes": 846, "agree_ratio": 3.834285714285714, "agreeance_text": "Absolutely Agrees"}, {"name": "Jezebel", "allsides_page": "https://www.allsides.com/news-source/jezebel-media-bias", "bias": "left", "agree": 210, "disagree": 80, "total_votes": 290, "agree_ratio": 2.625, "agreeance_text": "Strongly Agrees"}, {"name": "Journalist's Resource", "allsides_page": "https://www.allsides.com/news-source/journalists-resource", "bias": "center", "agree": 275, "disagree": 315, "total_votes": 590, "agree_ratio": 0.873015873015873, "agreeance_text": "Somewhat Disagrees"}, {"name": "JSTOR Daily", "allsides_page": "https://www.allsides.com/news-source/jstor-daily-media-bias", "bias": "center", "agree": 0, "disagree": 1, "total_votes": 0, "agree_ratio": 0.0, "agreeance_text": "Absolutely Disagrees"}, {"name": "Jubilee Media", "allsides_page": "https://www.allsides.com/news-source/jubilee-media-bias", "bias": "center", "agree": 198, "disagree": 193, "total_votes": 391, "agree_ratio": 1.0259067357512954, "agreeance_text": "Somewhat Agrees"}, {"name": "Judicial Watch", "allsides_page": "https://www.allsides.com/news-source/judicial-watch", "bias": "right-center", "agree": 1175, "disagree": 1263, "total_votes": 2438, "agree_ratio": 0.9303246239113222, "agreeance_text": "Somewhat Disagrees"}, {"name": "KALW.org", "allsides_page": "https://www.allsides.com/news-source/kalworg-media-bias", "bias": "center", "agree": 8, "disagree": 9, "total_votes": 17, "agree_ratio": 0.8888888888888888, "agreeance_text": "Somewhat Disagrees"}, {"name": "KATU", "allsides_page": "https://www.allsides.com/news-source/katu-media-bias", "bias": "center", "agree": 68, "disagree": 83, "total_votes": 151, "agree_ratio": 0.8192771084337349, "agreeance_text": "Somewhat Disagrees"}, {"name": "KQED", "allsides_page": "https://www.allsides.com/news-source/kqed", "bias": "center", "agree": 514, "disagree": 442, "total_votes": 956, "agree_ratio": 1.16289592760181, "agreeance_text": "Somewhat Agrees"}, {"name": "KSL", "allsides_page": "https://www.allsides.com/news-source/ksl", "bias": "right", "agree": 904, "disagree": 718, "total_votes": 1622, "agree_ratio": 1.2590529247910864, "agreeance_text": "Somewhat Agrees"}, {"name": "Las Vegas Sun", "allsides_page": "https://www.allsides.com/news-source/las-vegas-sun", "bias": "left-center", "agree": 313, "disagree": 312, "total_votes": 625, "agree_ratio": 1.0032051282051282, "agreeance_text": "Somewhat Agrees"}, {"name": "Latino Rebels", "allsides_page": "https://www.allsides.com/news-source/latino-rebels-media-bias", "bias": "left", "agree": 1, "disagree": 2, "total_votes": 3, "agree_ratio": 0.5, "agreeance_text": "Strongly Disagrees"}, {"name": "Leesburg Today", "allsides_page": "https://www.allsides.com/news-source/leesburg-today", "bias": "right-center", "agree": 241, "disagree": 219, "total_votes": 460, "agree_ratio": 1.1004566210045663, "agreeance_text": "Somewhat Agrees"}, {"name": "Left - Major Media Sources", "allsides_page": "https://www.allsides.com/news-source/left-major-publications", "bias": "left", "agree": 579, "disagree": 456, "total_votes": 1035, "agree_ratio": 1.269736842105263, "agreeance_text": "Somewhat Agrees"}, {"name": "LGBTQ Nation", "allsides_page": "https://www.allsides.com/news-source/lgbtq-nation-media-bias", "bias": "left-center", "agree": 1, "disagree": 1, "total_votes": 1, "agree_ratio": 1.0, "agreeance_text": "Neutral"}, {"name": "Lifehacker", "allsides_page": "https://www.allsides.com/news-source/lifehacker", "bias": "center", "agree": 364, "disagree": 351, "total_votes": 715, "agree_ratio": 1.037037037037037, "agreeance_text": "Somewhat Agrees"}, {"name": "Listen First Project", "allsides_page": "https://www.allsides.com/news-source/listen-first-project-media-bias", "bias": "allsides", "agree": 146, "disagree": 121, "total_votes": 267, "agree_ratio": 1.2066115702479339, "agreeance_text": "Somewhat Agrees"}, {"name": "Live Action News", "allsides_page": "https://www.allsides.com/news-source/live-action-news", "bias": "right-center", "agree": 310, "disagree": 213, "total_votes": 523, "agree_ratio": 1.4553990610328638, "agreeance_text": "Somewhat Agrees"}, {"name": "Longmont Times-Call", "allsides_page": "https://www.allsides.com/news-source/longmont-times-call", "bias": "left-center", "agree": 207, "disagree": 179, "total_votes": 386, "agree_ratio": 1.1564245810055866, "agreeance_text": "Somewhat Agrees"}, {"name": "Los Angeles Times", "allsides_page": "https://www.allsides.com/news-source/los-angeles-times-bias", "bias": "left-center", "agree": 4378, "disagree": 3233, "total_votes": 7611, "agree_ratio": 1.3541602227033716, "agreeance_text": "Somewhat Agrees"}, {"name": "Louisville Courier-Journal", "allsides_page": "https://www.allsides.com/news-source/louisville-courier-journal", "bias": "left-center", "agree": 219, "disagree": 229, "total_votes": 448, "agree_ratio": 0.9563318777292577, "agreeance_text": "Somewhat Disagrees"}, {"name": "Making Sense", "allsides_page": "https://www.allsides.com/news-source/making-sense-media-bias", "bias": "center", "agree": 1, "disagree": 2, "total_votes": 3, "agree_ratio": 0.5, "agreeance_text": "Strongly Disagrees"}, {"name": "MarketWatch", "allsides_page": "https://www.allsides.com/news-source/marketwatch-media-bias", "bias": "right-center", "agree": 214, "disagree": 468, "total_votes": 682, "agree_ratio": 0.45726495726495725, "agreeance_text": "Strongly Disagrees"}, {"name": "Mashable", "allsides_page": "https://www.allsides.com/news-source/mashable", "bias": "left", "agree": 471, "disagree": 212, "total_votes": 683, "agree_ratio": 2.2216981132075473, "agreeance_text": "Strongly Agrees"}, {"name": "McClatchyDC", "allsides_page": "https://www.allsides.com/news-source/mcclatchydc-media-bias", "bias": "center", "agree": 86, "disagree": 110, "total_votes": 196, "agree_ratio": 0.7818181818181819, "agreeance_text": "Somewhat Disagrees"}, {"name": "Media Matters", "allsides_page": "https://www.allsides.com/news-source/media-matters-bias", "bias": "left", "agree": 2690, "disagree": 1618, "total_votes": 4308, "agree_ratio": 1.6625463535228677, "agreeance_text": "Agrees"}, {"name": "Media Research Center", "allsides_page": "https://www.allsides.com/news-source/media-research-center", "bias": "right", "agree": 1344, "disagree": 1633, "total_votes": 2977, "agree_ratio": 0.8230251071647275, "agreeance_text": "Somewhat Disagrees"}, {"name": "Mediaite", "allsides_page": "https://www.allsides.com/news-source/mediaite-bias", "bias": "left-center", "agree": 764, "disagree": 756, "total_votes": 1520, "agree_ratio": 1.0105820105820107, "agreeance_text": "Somewhat Agrees"}, {"name": "Miami Herald", "allsides_page": "https://www.allsides.com/news-source/miami-herald", "bias": "left-center", "agree": 338, "disagree": 356, "total_votes": 694, "agree_ratio": 0.949438202247191, "agreeance_text": "Somewhat Disagrees"}, {"name": "MichelleMalkin.com", "allsides_page": "https://www.allsides.com/news-source/michellemalkincom", "bias": "right", "agree": 593, "disagree": 297, "total_votes": 890, "agree_ratio": 1.9966329966329965, "agreeance_text": "Agrees"}, {"name": "Michigan Daily", "allsides_page": "https://www.allsides.com/news-source/michigan-daily", "bias": "left-center", "agree": 253, "disagree": 231, "total_votes": 484, "agree_ratio": 1.0952380952380953, "agreeance_text": "Somewhat Agrees"}, {"name": "Military Times", "allsides_page": "https://www.allsides.com/news-source/military-times-media-bias", "bias": "center", "agree": 7, "disagree": 4, "total_votes": 11, "agree_ratio": 1.75, "agreeance_text": "Agrees"}, {"name": "Misinformation Review", "allsides_page": "https://www.allsides.com/news-source/misinformation-review-media-bias", "bias": "center", "agree": 1, "disagree": 2, "total_votes": 3, "agree_ratio": 0.5, "agreeance_text": "Strongly Disagrees"}, {"name": "Mismatch.org", "allsides_page": "https://www.allsides.com/news-source/mismatchorg-media-bias", "bias": "allsides", "agree": 99, "disagree": 112, "total_votes": 211, "agree_ratio": 0.8839285714285714, "agreeance_text": "Somewhat Disagrees"}, {"name": "MIT News", "allsides_page": "https://www.allsides.com/news-source/mit-news", "bias": "center", "agree": 247, "disagree": 203, "total_votes": 450, "agree_ratio": 1.2167487684729064, "agreeance_text": "Somewhat Agrees"}, {"name": "Mit\u00fa", "allsides_page": "https://www.allsides.com/news-source/mit-media-bias", "bias": "left", "agree": 4, "disagree": 3, "total_votes": 7, "agree_ratio": 1.3333333333333333, "agreeance_text": "Somewhat Agrees"}, {"name": "Mother Jones", "allsides_page": "https://www.allsides.com/news-source/mother-jones-bias", "bias": "left", "agree": 9159, "disagree": 1513, "total_votes": 10672, "agree_ratio": 6.053536021150033, "agreeance_text": "Absolutely Agrees"}, {"name": "MSNBC", "allsides_page": "https://www.allsides.com/news-source/msnbc", "bias": "left", "agree": 10945, "disagree": 3326, "total_votes": 14271, "agree_ratio": 3.2907396271797955, "agreeance_text": "Absolutely Agrees"}, {"name": "MTV News Online", "allsides_page": "https://www.allsides.com/news-source/mtv-news-online-media-bias", "bias": "left-center", "agree": 101, "disagree": 161, "total_votes": 262, "agree_ratio": 0.6273291925465838, "agreeance_text": "Disagrees"}, {"name": "National Journal", "allsides_page": "https://www.allsides.com/news-source/national-journal", "bias": "center", "agree": 1003, "disagree": 738, "total_votes": 1741, "agree_ratio": 1.3590785907859078, "agreeance_text": "Somewhat Agrees"}, {"name": "National Review", "allsides_page": "https://www.allsides.com/news-source/national-review", "bias": "right", "agree": 12971, "disagree": 5626, "total_votes": 18597, "agree_ratio": 2.3055456807678634, "agreeance_text": "Strongly Agrees"}, {"name": "Nature.com", "allsides_page": "https://www.allsides.com/news-source/naturecom-media-bias", "bias": "center", "agree": 21, "disagree": 12, "total_votes": 33, "agree_ratio": 1.75, "agreeance_text": "Agrees"}, {"name": "NBC News (Online)", "allsides_page": "https://www.allsides.com/news-source/nbc-news-media-bias", "bias": "left-center", "agree": 6635, "disagree": 7668, "total_votes": 14303, "agree_ratio": 0.8652842983828899, "agreeance_text": "Somewhat Disagrees"}, {"name": "NBC Today Show", "allsides_page": "https://www.allsides.com/news-source/nbc-today-show", "bias": "left-center", "agree": 1299, "disagree": 1398, "total_votes": 2697, "agree_ratio": 0.9291845493562232, "agreeance_text": "Somewhat Disagrees"}, {"name": "New Discourses", "allsides_page": "https://www.allsides.com/news-source/new-discourses-media-bias", "bias": "center", "agree": 3, "disagree": 5, "total_votes": 8, "agree_ratio": 0.6, "agreeance_text": "Disagrees"}, {"name": "New Hampshire Union Leader", "allsides_page": "https://www.allsides.com/news-source/union-leader", "bias": "center", "agree": 42, "disagree": 45, "total_votes": 87, "agree_ratio": 0.9333333333333333, "agreeance_text": "Somewhat Disagrees"}, {"name": "New Republic", "allsides_page": "https://www.allsides.com/news-source/new-republic", "bias": "left", "agree": 1447, "disagree": 775, "total_votes": 2222, "agree_ratio": 1.8670967741935485, "agreeance_text": "Agrees"}, {"name": "New York Daily News", "allsides_page": "https://www.allsides.com/news-source/new-york-daily-news", "bias": "left", "agree": 1224, "disagree": 557, "total_votes": 1781, "agree_ratio": 2.1974865350089767, "agreeance_text": "Strongly Agrees"}, {"name": "New York Magazine", "allsides_page": "https://www.allsides.com/news-source/new-york-magazine", "bias": "left", "agree": 1973, "disagree": 896, "total_votes": 2869, "agree_ratio": 2.2020089285714284, "agreeance_text": "Strongly Agrees"}, {"name": "New York Post", "allsides_page": "https://www.allsides.com/news-source/new-york-post", "bias": "right", "agree": 6809, "disagree": 4346, "total_votes": 11155, "agree_ratio": 1.5667280257708238, "agreeance_text": "Agrees"}, {"name": "New York Times (Online News)", "allsides_page": "https://www.allsides.com/news-source/new-york-times", "bias": "left-center", "agree": 20301, "disagree": 30015, "total_votes": 50316, "agree_ratio": 0.6763618190904548, "agreeance_text": "Somewhat Disagrees"}, {"name": "New York Times - Opinion", "allsides_page": "https://www.allsides.com/news-source/new-york-times-opinion-media-bias", "bias": "left", "agree": 6707, "disagree": 2016, "total_votes": 8723, "agree_ratio": 3.3268849206349205, "agreeance_text": "Absolutely Agrees"}, {"name": "NewsBusters", "allsides_page": "https://www.allsides.com/news-source/newsbusters", "bias": "right", "agree": 409, "disagree": 226, "total_votes": 635, "agree_ratio": 1.8097345132743363, "agreeance_text": "Agrees"}, {"name": "Newsmax - News", "allsides_page": "https://www.allsides.com/news-source/newsmax", "bias": "right-center", "agree": 7272, "disagree": 9209, "total_votes": 16481, "agree_ratio": 0.7896622868932566, "agreeance_text": "Somewhat Disagrees"}, {"name": "Newsmax - Opinion", "allsides_page": "https://www.allsides.com/news-source/newsmax-opinion-media-bias", "bias": "right", "agree": 117, "disagree": 73, "total_votes": 190, "agree_ratio": 1.6027397260273972, "agreeance_text": "Agrees"}, {"name": "NewsOne", "allsides_page": "https://www.allsides.com/news-source/newsonecom-media-bias", "bias": "left", "agree": 146, "disagree": 73, "total_votes": 219, "agree_ratio": 2.0, "agreeance_text": "Agrees"}, {"name": "Newsweek", "allsides_page": "https://www.allsides.com/news-source/newsweek", "bias": "left", "agree": 2452, "disagree": 2965, "total_votes": 5417, "agree_ratio": 0.8269814502529511, "agreeance_text": "Somewhat Disagrees"}, {"name": "Newsy", "allsides_page": "https://www.allsides.com/news-source/newsy-media-bias", "bias": "center", "agree": 54, "disagree": 14, "total_votes": 68, "agree_ratio": 3.857142857142857, "agreeance_text": "Absolutely Agrees"}, {"name": "Newtrals", "allsides_page": "https://www.allsides.com/news-source/newtrals-media-bias", "bias": "center", "agree": 6, "disagree": 1, "total_votes": 7, "agree_ratio": 6.0, "agreeance_text": "Absolutely Agrees"}, {"name": "Nieman Lab", "allsides_page": "https://www.allsides.com/news-source/nieman-lab-media-bias", "bias": "center", "agree": 31, "disagree": 23, "total_votes": 54, "agree_ratio": 1.3478260869565217, "agreeance_text": "Somewhat Agrees"}, {"name": "NMPolitics.net", "allsides_page": "https://www.allsides.com/news-source/nmpoliticsnet", "bias": "center", "agree": 213, "disagree": 262, "total_votes": 475, "agree_ratio": 0.8129770992366412, "agreeance_text": "Somewhat Disagrees"}, {"name": "NPR Editorial", "allsides_page": "https://www.allsides.com/news-source/npr-editorial", "bias": "left-center", "agree": 3922, "disagree": 4381, "total_votes": 8303, "agree_ratio": 0.8952293996804382, "agreeance_text": "Somewhat Disagrees"}, {"name": "NPR Online News", "allsides_page": "https://www.allsides.com/news-source/npr-media-bias", "bias": "center", "agree": 23457, "disagree": 18775, "total_votes": 42232, "agree_ratio": 1.2493741677762982, "agreeance_text": "Somewhat Agrees"}, {"name": "One America News Network (OAN)", "allsides_page": "https://www.allsides.com/news-source/one-america-news-network-media-bias", "bias": "right-center", "agree": 881, "disagree": 1062, "total_votes": 1943, "agree_ratio": 0.8295668549905838, "agreeance_text": "Somewhat Disagrees"}, {"name": "Orange County Register", "allsides_page": "https://www.allsides.com/news-source/orange-county-register", "bias": "right-center", "agree": 303, "disagree": 261, "total_votes": 564, "agree_ratio": 1.160919540229885, "agreeance_text": "Somewhat Agrees"}, {"name": "Pacific Standard", "allsides_page": "https://www.allsides.com/news-source/pacific-standard", "bias": "left-center", "agree": 416, "disagree": 365, "total_votes": 781, "agree_ratio": 1.1397260273972603, "agreeance_text": "Somewhat Agrees"}, {"name": "Patch.com", "allsides_page": "https://www.allsides.com/news-source/patchcom-media-bias", "bias": "center", "agree": 1, "disagree": 1, "total_votes": 2, "agree_ratio": 1.0, "agreeance_text": "Neutral"}, {"name": "PBS NewsHour", "allsides_page": "https://www.allsides.com/news-source/pbs-newshour", "bias": "center", "agree": 2624, "disagree": 1937, "total_votes": 4561, "agree_ratio": 1.3546721734641198, "agreeance_text": "Somewhat Agrees"}, {"name": "Peacock Panache", "allsides_page": "https://www.allsides.com/news-source/peacock-panache", "bias": "left", "agree": 195, "disagree": 105, "total_votes": 300, "agree_ratio": 1.8571428571428572, "agreeance_text": "Agrees"}, {"name": "Phys.org", "allsides_page": "https://www.allsides.com/news-source/physorg", "bias": "center", "agree": 149, "disagree": 84, "total_votes": 233, "agree_ratio": 1.7738095238095237, "agreeance_text": "Agrees"}, {"name": "PinkNews", "allsides_page": "https://www.allsides.com/news-source/pinknews-media-bias", "bias": "left", "agree": 2, "disagree": 1, "total_votes": 2, "agree_ratio": 2.0, "agreeance_text": "Agrees"}, {"name": "Pittsburgh Post-Gazette", "allsides_page": "https://www.allsides.com/news-source/pittsburgh-post-gazette", "bias": "right-center", "agree": 271, "disagree": 328, "total_votes": 599, "agree_ratio": 0.8262195121951219, "agreeance_text": "Somewhat Disagrees"}, {"name": "PJ Media", "allsides_page": "https://www.allsides.com/news-source/pj-media-media-bias", "bias": "right-center", "agree": 255, "disagree": 199, "total_votes": 454, "agree_ratio": 1.2814070351758795, "agreeance_text": "Somewhat Agrees"}, {"name": "Politico", "allsides_page": "https://www.allsides.com/news-source/politico-media-bias", "bias": "left-center", "agree": 17380, "disagree": 24637, "total_votes": 42017, "agree_ratio": 0.7054430328367902, "agreeance_text": "Somewhat Disagrees"}, {"name": "PoliticusUSA", "allsides_page": "https://www.allsides.com/news-source/politicususa", "bias": "left", "agree": 989, "disagree": 339, "total_votes": 1328, "agree_ratio": 2.9174041297935105, "agreeance_text": "Strongly Agrees"}, {"name": "PolitiFact", "allsides_page": "https://www.allsides.com/news-source/politifact", "bias": "left-center", "agree": 2951, "disagree": 3001, "total_votes": 5952, "agree_ratio": 0.9833388870376542, "agreeance_text": "Somewhat Disagrees"}, {"name": "Portland Press Herald", "allsides_page": "https://www.allsides.com/news-source/portland-press-herarld", "bias": "center", "agree": 252, "disagree": 350, "total_votes": 602, "agree_ratio": 0.72, "agreeance_text": "Somewhat Disagrees"}, {"name": "Poynter", "allsides_page": "https://www.allsides.com/news-source/poynter-media-bias", "bias": "center", "agree": 37, "disagree": 42, "total_votes": 79, "agree_ratio": 0.8809523809523809, "agreeance_text": "Somewhat Disagrees"}, {"name": "PRI (Public Radio International)", "allsides_page": "https://www.allsides.com/news-source/pri-public-radio-international", "bias": "center", "agree": 729, "disagree": 465, "total_votes": 1194, "agree_ratio": 1.5677419354838709, "agreeance_text": "Agrees"}, {"name": "Progressive Voices of Iowa", "allsides_page": "https://www.allsides.com/news-source/progressive-voices-iowa", "bias": "left", "agree": 235, "disagree": 149, "total_votes": 384, "agree_ratio": 1.5771812080536913, "agreeance_text": "Agrees"}, {"name": "Project Veritas", "allsides_page": "https://www.allsides.com/news-source/project-veritas-media-bias", "bias": "right-center", "agree": 191, "disagree": 206, "total_votes": 397, "agree_ratio": 0.9271844660194175, "agreeance_text": "Somewhat Disagrees"}, {"name": "ProPublica", "allsides_page": "https://www.allsides.com/news-source/propublica", "bias": "left-center", "agree": 1215, "disagree": 833, "total_votes": 2048, "agree_ratio": 1.4585834333733494, "agreeance_text": "Somewhat Agrees"}, {"name": "Psychology Today", "allsides_page": "https://www.allsides.com/news-source/psychology-today-media-bias", "bias": "center", "agree": 42, "disagree": 27, "total_votes": 69, "agree_ratio": 1.5555555555555556, "agreeance_text": "Agrees"}, {"name": "PXW News", "allsides_page": "https://www.allsides.com/news-source/pxw-news", "bias": "center", "agree": 202, "disagree": 217, "total_votes": 419, "agree_ratio": 0.9308755760368663, "agreeance_text": "Somewhat Disagrees"}, {"name": "Quartz", "allsides_page": "https://www.allsides.com/news-source/quartz", "bias": "center", "agree": 616, "disagree": 609, "total_votes": 1225, "agree_ratio": 1.0114942528735633, "agreeance_text": "Somewhat Agrees"}, {"name": "Quillette", "allsides_page": "https://www.allsides.com/news-source/quillette-media-bias", "bias": "right-center", "agree": 420, "disagree": 668, "total_votes": 1088, "agree_ratio": 0.6287425149700598, "agreeance_text": "Disagrees"}, {"name": "Rasmussen Reports", "allsides_page": "https://www.allsides.com/news-source/rasmussen-reports", "bias": "center", "agree": 548, "disagree": 787, "total_votes": 1335, "agree_ratio": 0.6963151207115629, "agreeance_text": "Somewhat Disagrees"}, {"name": "Raw Story", "allsides_page": "https://www.allsides.com/news-source/raw-story", "bias": "left", "agree": 861, "disagree": 439, "total_votes": 1300, "agree_ratio": 1.9612756264236901, "agreeance_text": "Agrees"}, {"name": "RealClearPolitics", "allsides_page": "https://www.allsides.com/news-source/real-clear-politics", "bias": "center", "agree": 3435, "disagree": 3588, "total_votes": 7023, "agree_ratio": 0.9573578595317725, "agreeance_text": "Somewhat Disagrees"}, {"name": "Reason", "allsides_page": "https://www.allsides.com/news-source/reason", "bias": "right-center", "agree": 6707, "disagree": 4309, "total_votes": 11016, "agree_ratio": 1.5565096310048736, "agreeance_text": "Agrees"}, {"name": "Record Journal", "allsides_page": "https://www.allsides.com/news-source/record-journal", "bias": "center", "agree": 155, "disagree": 165, "total_votes": 320, "agree_ratio": 0.9393939393939394, "agreeance_text": "Somewhat Disagrees"}, {"name": "Red Racing Horses", "allsides_page": "https://www.allsides.com/news-source/red-racing-horses-media-bias", "bias": "right", "agree": 44, "disagree": 54, "total_votes": 98, "agree_ratio": 0.8148148148148148, "agreeance_text": "Somewhat Disagrees"}, {"name": "Red State", "allsides_page": "https://www.allsides.com/news-source/red-state", "bias": "right", "agree": 721, "disagree": 278, "total_votes": 999, "agree_ratio": 2.593525179856115, "agreeance_text": "Strongly Agrees"}, {"name": "Reuters", "allsides_page": "https://www.allsides.com/news-source/reuters", "bias": "center", "agree": 10520, "disagree": 5968, "total_votes": 16488, "agree_ratio": 1.762734584450402, "agreeance_text": "Agrees"}, {"name": "Richmond Times Dispatch", "allsides_page": "https://www.allsides.com/news-source/richmond-times-dispatch", "bias": "right-center", "agree": 265, "disagree": 222, "total_votes": 487, "agree_ratio": 1.1936936936936937, "agreeance_text": "Somewhat Agrees"}, {"name": "Right - Major Media Sources", "allsides_page": "https://www.allsides.com/news-source/right-major-publications", "bias": "right", "agree": 310, "disagree": 297, "total_votes": 607, "agree_ratio": 1.0437710437710437, "agreeance_text": "Somewhat Agrees"}, {"name": "Right Side News", "allsides_page": "https://www.allsides.com/news-source/right-side-news", "bias": "right", "agree": 469, "disagree": 241, "total_votes": 710, "agree_ratio": 1.946058091286307, "agreeance_text": "Agrees"}, {"name": "Right Wing News", "allsides_page": "https://www.allsides.com/news-source/right-wing-news", "bias": "right", "agree": 422, "disagree": 207, "total_votes": 629, "agree_ratio": 2.0386473429951693, "agreeance_text": "Strongly Agrees"}, {"name": "Roll Call", "allsides_page": "https://www.allsides.com/news-source/roll-call-media-bias", "bias": "center", "agree": 178, "disagree": 166, "total_votes": 344, "agree_ratio": 1.072289156626506, "agreeance_text": "Somewhat Agrees"}, {"name": "RollingStone.com", "allsides_page": "https://www.allsides.com/news-source/rolling-stone", "bias": "left", "agree": 1594, "disagree": 457, "total_votes": 2051, "agree_ratio": 3.487964989059081, "agreeance_text": "Absolutely Agrees"}, {"name": "Salon", "allsides_page": "https://www.allsides.com/news-source/salon", "bias": "left", "agree": 11234, "disagree": 5086, "total_votes": 16320, "agree_ratio": 2.208808493904837, "agreeance_text": "Strongly Agrees"}, {"name": "San Francisco Chronicle", "allsides_page": "https://www.allsides.com/news-source/san-francisco-chronicle", "bias": "left", "agree": 964, "disagree": 357, "total_votes": 1321, "agree_ratio": 2.700280112044818, "agreeance_text": "Strongly Agrees"}, {"name": "San Gabriel Valley Tribune", "allsides_page": "https://www.allsides.com/news-source/san-gabriel-valley-tribune-media-bias", "bias": "center", "agree": 0, "disagree": 1, "total_votes": 0, "agree_ratio": 0.0, "agreeance_text": "Absolutely Disagrees"}, {"name": "San Jose Mercury News", "allsides_page": "https://www.allsides.com/news-source/san-jose-mercury-news", "bias": "left-center", "agree": 427, "disagree": 449, "total_votes": 876, "agree_ratio": 0.9510022271714922, "agreeance_text": "Somewhat Disagrees"}, {"name": "Science Daily", "allsides_page": "https://www.allsides.com/news-source/science-daily", "bias": "center", "agree": 504, "disagree": 314, "total_votes": 818, "agree_ratio": 1.605095541401274, "agreeance_text": "Agrees"}, {"name": "Scientific American", "allsides_page": "https://www.allsides.com/news-source/scientific-american", "bias": "left-center", "agree": 1174, "disagree": 632, "total_votes": 1806, "agree_ratio": 1.8575949367088607, "agreeance_text": "Agrees"}, {"name": "Scriberr Media (Online News)", "allsides_page": "https://www.allsides.com/news-source/scriberr-media-news-media-bias", "bias": "center", "agree": 2, "disagree": 3, "total_votes": 5, "agree_ratio": 0.6666666666666666, "agreeance_text": "Disagrees"}, {"name": "Scriberr Media - News", "allsides_page": "https://www.allsides.com/news-source/scriberr-media-news-media-bias-0", "bias": "center", "agree": 4, "disagree": 2, "total_votes": 6, "agree_ratio": 2.0, "agreeance_text": "Agrees"}, {"name": "Scriberr Media - Opinion/Editorial", "allsides_page": "https://www.allsides.com/news-source/scriberr-media-opinioneditorial-media-bias", "bias": "right-center", "agree": 1, "disagree": 3, "total_votes": 4, "agree_ratio": 0.3333333333333333, "agreeance_text": "Strongly Disagrees"}, {"name": "SF Weekly", "allsides_page": "https://www.allsides.com/news-source/sf-weekly", "bias": "center", "agree": 277, "disagree": 348, "total_votes": 625, "agree_ratio": 0.7959770114942529, "agreeance_text": "Somewhat Disagrees"}, {"name": "SFGate", "allsides_page": "https://www.allsides.com/news-source/sf-gate", "bias": "left-center", "agree": 477, "disagree": 519, "total_votes": 996, "agree_ratio": 0.9190751445086706, "agreeance_text": "Somewhat Disagrees"}, {"name": "Sky-Hi Daily News", "allsides_page": "https://www.allsides.com/news-source/sky-hi-daily-news", "bias": "left-center", "agree": 152, "disagree": 145, "total_votes": 297, "agree_ratio": 1.0482758620689656, "agreeance_text": "Somewhat Agrees"}, {"name": "Slate", "allsides_page": "https://www.allsides.com/news-source/slate", "bias": "left", "agree": 5592, "disagree": 2865, "total_votes": 8457, "agree_ratio": 1.9518324607329842, "agreeance_text": "Agrees"}, {"name": "Smerconish", "allsides_page": "https://www.allsides.com/news-source/smerconish-media-bias", "bias": "center", "agree": 178, "disagree": 237, "total_votes": 415, "agree_ratio": 0.7510548523206751, "agreeance_text": "Somewhat Disagrees"}, {"name": "Snopes", "allsides_page": "https://www.allsides.com/news-source/snopes", "bias": "center", "agree": 698, "disagree": 1353, "total_votes": 2051, "agree_ratio": 0.515890613451589, "agreeance_text": "Disagrees"}, {"name": "Socialist Alternative", "allsides_page": "https://www.allsides.com/news-source/socialist-alternative", "bias": "left", "agree": 464, "disagree": 217, "total_votes": 681, "agree_ratio": 2.1382488479262673, "agreeance_text": "Strongly Agrees"}, {"name": "Socialist Project/The Bullet", "allsides_page": "https://www.allsides.com/news-source/socialist-projectthe-bullet", "bias": "left", "agree": 410, "disagree": 192, "total_votes": 602, "agree_ratio": 2.1354166666666665, "agreeance_text": "Strongly Agrees"}, {"name": "Spectator USA", "allsides_page": "https://www.allsides.com/news-source/spectator-usa-media-bias", "bias": "right", "agree": 22, "disagree": 20, "total_votes": 42, "agree_ratio": 1.1, "agreeance_text": "Somewhat Agrees"}, {"name": "Splinter", "allsides_page": "https://www.allsides.com/news-source/splinter-media-bias", "bias": "left", "agree": 221, "disagree": 96, "total_votes": 317, "agree_ratio": 2.3020833333333335, "agreeance_text": "Strongly Agrees"}, {"name": "Spokesman Review", "allsides_page": "https://www.allsides.com/news-source/spokesman-review", "bias": "left-center", "agree": 230, "disagree": 273, "total_votes": 503, "agree_ratio": 0.8424908424908425, "agreeance_text": "Somewhat Disagrees"}, {"name": "State Journal", "allsides_page": "https://www.allsides.com/news-source/state-journal", "bias": "left-center", "agree": 191, "disagree": 267, "total_votes": 458, "agree_ratio": 0.7153558052434457, "agreeance_text": "Somewhat Disagrees"}, {"name": "StoryCorps", "allsides_page": "https://www.allsides.com/news-source/storycorps-media-bias", "bias": "allsides", "agree": 84, "disagree": 72, "total_votes": 156, "agree_ratio": 1.1666666666666667, "agreeance_text": "Somewhat Agrees"}, {"name": "Subverse", "allsides_page": "https://www.allsides.com/news-source/subverse-media-bias", "bias": "center", "agree": 98, "disagree": 59, "total_votes": 157, "agree_ratio": 1.6610169491525424, "agreeance_text": "Agrees"}, {"name": "Suspend Belief Podcast", "allsides_page": "https://www.allsides.com/news-source/suspend-belief-podcast", "bias": "allsides", "agree": 161, "disagree": 190, "total_votes": 351, "agree_ratio": 0.8473684210526315, "agreeance_text": "Somewhat Disagrees"}, {"name": "Tallahassee Democrat", "allsides_page": "https://www.allsides.com/news-source/tallahassee-democrat", "bias": "center", "agree": 259, "disagree": 271, "total_votes": 530, "agree_ratio": 0.955719557195572, "agreeance_text": "Somewhat Disagrees"}, {"name": "TechCrunch", "allsides_page": "https://www.allsides.com/news-source/techcrunch-media-bias", "bias": "center", "agree": 434, "disagree": 293, "total_votes": 727, "agree_ratio": 1.4812286689419796, "agreeance_text": "Somewhat Agrees"}, {"name": "Teen Vogue", "allsides_page": "https://www.allsides.com/news-source/teen-vogue", "bias": "left-center", "agree": 354, "disagree": 526, "total_votes": 880, "agree_ratio": 0.6730038022813688, "agreeance_text": "Somewhat Disagrees"}, {"name": "The Advocate", "allsides_page": "https://www.allsides.com/news-source/advocate-media-bias", "bias": "left-center", "agree": 1, "disagree": 3, "total_votes": 4, "agree_ratio": 0.3333333333333333, "agreeance_text": "Strongly Disagrees"}, {"name": "The Advocate-Messenger", "allsides_page": "https://www.allsides.com/news-source/advocate-messenger", "bias": "left-center", "agree": 189, "disagree": 237, "total_votes": 426, "agree_ratio": 0.7974683544303798, "agreeance_text": "Somewhat Disagrees"}, {"name": "The American Conservative", "allsides_page": "https://www.allsides.com/news-source/american-conservative-media-bias", "bias": "right-center", "agree": 244, "disagree": 263, "total_votes": 507, "agree_ratio": 0.9277566539923955, "agreeance_text": "Somewhat Disagrees"}, {"name": "The American Mind", "allsides_page": "https://www.allsides.com/news-source/american-mind-media-bias", "bias": "right-center", "agree": 5, "disagree": 6, "total_votes": 11, "agree_ratio": 0.8333333333333334, "agreeance_text": "Somewhat Disagrees"}, {"name": "The American Spectator", "allsides_page": "https://www.allsides.com/news-source/american-spectator", "bias": "right", "agree": 9600, "disagree": 3530, "total_votes": 13130, "agree_ratio": 2.7195467422096318, "agreeance_text": "Strongly Agrees"}, {"name": "The Appeal", "allsides_page": "https://www.allsides.com/news-source/appeal-media-bias", "bias": "center", "agree": 55, "disagree": 45, "total_votes": 100, "agree_ratio": 1.2222222222222223, "agreeance_text": "Somewhat Agrees"}, {"name": "The Atlantic", "allsides_page": "https://www.allsides.com/news-source/atlantic", "bias": "left-center", "agree": 8369, "disagree": 4297, "total_votes": 12666, "agree_ratio": 1.9476378868978357, "agreeance_text": "Agrees"}, {"name": "The Boston Globe", "allsides_page": "https://www.allsides.com/news-source/boston-globe", "bias": "left-center", "agree": 1576, "disagree": 1186, "total_votes": 2762, "agree_ratio": 1.3288364249578415, "agreeance_text": "Somewhat Agrees"}, {"name": "The Cadiz Record", "allsides_page": "https://www.allsides.com/news-source/cadiz-record", "bias": "left-center", "agree": 183, "disagree": 193, "total_votes": 376, "agree_ratio": 0.9481865284974094, "agreeance_text": "Somewhat Disagrees"}, {"name": "The Canyon County Zephyr", "allsides_page": "https://www.allsides.com/news-source/canyon-county-zephry", "bias": "left", "agree": 178, "disagree": 147, "total_votes": 325, "agree_ratio": 1.2108843537414966, "agreeance_text": "Somewhat Agrees"}, {"name": "The Center Square - Michigan", "allsides_page": "https://www.allsides.com/news-source/center-square-michigan-media-bias", "bias": "center", "agree": 38, "disagree": 62, "total_votes": 100, "agree_ratio": 0.6129032258064516, "agreeance_text": "Disagrees"}, {"name": "The College Fix", "allsides_page": "https://www.allsides.com/news-source/college-fix", "bias": "right", "agree": 208, "disagree": 161, "total_votes": 369, "agree_ratio": 1.2919254658385093, "agreeance_text": "Somewhat Agrees"}, {"name": "The Commercial Appeal", "allsides_page": "https://www.allsides.com/news-source/commercial-appeal", "bias": "left-center", "agree": 170, "disagree": 231, "total_votes": 401, "agree_ratio": 0.7359307359307359, "agreeance_text": "Somewhat Disagrees"}, {"name": "The Courier-Journal", "allsides_page": "https://www.allsides.com/news-source/courier-journal", "bias": "left-center", "agree": 165, "disagree": 262, "total_votes": 427, "agree_ratio": 0.6297709923664122, "agreeance_text": "Disagrees"}, {"name": "The Daily Caller", "allsides_page": "https://www.allsides.com/news-source/daily-caller", "bias": "right", "agree": 6714, "disagree": 3062, "total_votes": 9776, "agree_ratio": 2.19268451992162, "agreeance_text": "Strongly Agrees"}, {"name": "The Daily Dot", "allsides_page": "https://www.allsides.com/news-source/daily-dot-media-bias", "bias": "left-center", "agree": 72, "disagree": 68, "total_votes": 140, "agree_ratio": 1.0588235294117647, "agreeance_text": "Somewhat Agrees"}, {"name": "The Daily Show (humor)", "allsides_page": "https://www.allsides.com/news-source/daily-show", "bias": "left-center", "agree": 1011, "disagree": 1283, "total_votes": 2294, "agree_ratio": 0.7879968823070927, "agreeance_text": "Somewhat Disagrees"}, {"name": "The Daily Signal", "allsides_page": "https://www.allsides.com/news-source/daily-signal", "bias": "right", "agree": 392, "disagree": 160, "total_votes": 552, "agree_ratio": 2.45, "agreeance_text": "Strongly Agrees"}, {"name": "The Daily Wire", "allsides_page": "https://www.allsides.com/news-source/daily-wire", "bias": "right", "agree": 5370, "disagree": 2181, "total_votes": 7551, "agree_ratio": 2.4621733149931226, "agreeance_text": "Strongly Agrees"}, {"name": "The Dallas Morning News", "allsides_page": "https://www.allsides.com/news-source/dallas-morning-news", "bias": "center", "agree": 174, "disagree": 129, "total_votes": 303, "agree_ratio": 1.3488372093023255, "agreeance_text": "Somewhat Agrees"}, {"name": "The Delaware County Daily Times", "allsides_page": "https://www.allsides.com/news-source/delaware-county-daily-times", "bias": "left-center", "agree": 201, "disagree": 234, "total_votes": 435, "agree_ratio": 0.8589743589743589, "agreeance_text": "Somewhat Disagrees"}, {"name": "The Dispatch", "allsides_page": "https://www.allsides.com/news-source/dispatch-media-bias", "bias": "right-center", "agree": 33, "disagree": 17, "total_votes": 50, "agree_ratio": 1.9411764705882353, "agreeance_text": "Agrees"}, {"name": "The Economist", "allsides_page": "https://www.allsides.com/news-source/economist", "bias": "left-center", "agree": 2968, "disagree": 5545, "total_votes": 8513, "agree_ratio": 0.5352569882777277, "agreeance_text": "Disagrees"}, {"name": "The Epoch Times", "allsides_page": "https://www.allsides.com/news-source/epoch-times-media-bias", "bias": "right", "agree": 5928, "disagree": 1677, "total_votes": 7605, "agree_ratio": 3.5348837209302326, "agreeance_text": "Absolutely Agrees"}, {"name": "The Federalist", "allsides_page": "https://www.allsides.com/news-source/federalist", "bias": "right", "agree": 4734, "disagree": 1771, "total_votes": 6505, "agree_ratio": 2.673066064370412, "agreeance_text": "Strongly Agrees"}, {"name": "The Flip Side", "allsides_page": "https://www.allsides.com/news-source/flip-side-media-bias", "bias": "allsides", "agree": 343, "disagree": 264, "total_votes": 607, "agree_ratio": 1.2992424242424243, "agreeance_text": "Somewhat Agrees"}, {"name": "The Fulcrum", "allsides_page": "https://www.allsides.com/news-source/fulcrum-media-bias", "bias": "center", "agree": 103, "disagree": 97, "total_votes": 200, "agree_ratio": 1.0618556701030928, "agreeance_text": "Somewhat Agrees"}, {"name": "The Gateway Pundit", "allsides_page": "https://www.allsides.com/news-source/gateway-pundit", "bias": "right", "agree": 634, "disagree": 420, "total_votes": 1054, "agree_ratio": 1.5095238095238095, "agreeance_text": "Agrees"}, {"name": "The Globe and Mail", "allsides_page": "https://www.allsides.com/news-source/globe-and-mail-media-bias", "bias": "center", "agree": 70, "disagree": 67, "total_votes": 137, "agree_ratio": 1.044776119402985, "agreeance_text": "Somewhat Agrees"}, {"name": "The Guardian", "allsides_page": "https://www.allsides.com/news-source/guardian", "bias": "left-center", "agree": 8768, "disagree": 5367, "total_votes": 14135, "agree_ratio": 1.6336873486118875, "agreeance_text": "Agrees"}, {"name": "The Hill", "allsides_page": "https://www.allsides.com/news-source/hill-media-bias", "bias": "center", "agree": 10563, "disagree": 13295, "total_votes": 23858, "agree_ratio": 0.7945092139902219, "agreeance_text": "Somewhat Disagrees"}, {"name": "The Imaginative Conservative", "allsides_page": "https://www.allsides.com/news-source/imaginative-conservative-media-bias", "bias": "right", "agree": 47, "disagree": 44, "total_votes": 91, "agree_ratio": 1.0681818181818181, "agreeance_text": "Somewhat Agrees"}, {"name": "The Independent", "allsides_page": "https://www.allsides.com/news-source/independent-0", "bias": "left-center", "agree": 268, "disagree": 221, "total_votes": 489, "agree_ratio": 1.2126696832579185, "agreeance_text": "Somewhat Agrees"}, {"name": "The Intercept", "allsides_page": "https://www.allsides.com/news-source/intercept", "bias": "left", "agree": 2711, "disagree": 984, "total_votes": 3695, "agree_ratio": 2.755081300813008, "agreeance_text": "Strongly Agrees"}, {"name": "The Jerusalem Post", "allsides_page": "https://www.allsides.com/news-source/jerusalem-post-media-bias", "bias": "center", "agree": 195, "disagree": 193, "total_votes": 388, "agree_ratio": 1.0103626943005182, "agreeance_text": "Somewhat Agrees"}, {"name": "The Juggernaut", "allsides_page": "https://www.allsides.com/news-source/juggernaut-media-bias", "bias": "left", "agree": 2, "disagree": 1, "total_votes": 2, "agree_ratio": 2.0, "agreeance_text": "Agrees"}, {"name": "The Justice", "allsides_page": "https://www.allsides.com/news-source/justice", "bias": "left-center", "agree": 138, "disagree": 154, "total_votes": 292, "agree_ratio": 0.8961038961038961, "agreeance_text": "Somewhat Disagrees"}]